Workbook
Name Image: Pivots!$I$66
Name Slicer_Representative: #N/A

Sheet Sheet1
A1: Data returned for Total Amount, Columbus - C0009, R01 (First 1000 rows).
A3: calls[Call number] | B3: calls[Customer ID] | C3: calls[Duration] | D3: calls[Representative] | E3: calls[Date of Call] | F3: calls[Purchase Amount] | G3: calls[Satisfaction Rating] | H3: calls[FY] | I3: calls[Day of week] | J3: calls[Duration Bucket] | K3: calls[Rating rounded] | L3: calls[Date of Call (Month)] | M3: calls[Date of Call (Month Index)]
A4: Call_7515 | B4: C0009 | C4: 140 | D4: R01 | E4: 45004 | F4: 93 | G4: 4.4 | H4: 2023 | I4: Sunday | J4: More than 2 hours | K4: 4 | L4: Mar | M4: 3
A5: Call_7649 | B5: C0009 | C5: 69 | D5: R01 | E5: 45035 | F5: 32 | G5: 3.6 | H5: 2023 | I5: Wednesday | J5: 1 to 2 hours | K5: 4 | L5: Apr | M5: 4
A6: Call_7674 | B6: C0009 | C6: 127 | D6: R01 | E6: 45039 | F6: 160 | G6: 3.2 | H6: 2023 | I6: Sunday | J6: More than 2 hours | K6: 3 | L6: Apr | M6: 4
A7: Call_7703 | B7: C0009 | C7: 93 | D7: R01 | E7: 45045 | F7: 150 | G7: 4.6 | H7: 2023 | I7: Saturday | J7: 1 to 2 hours | K7: 5 | L7: Apr | M7: 4
A8: Call_7730 | B8: C0009 | C8: 25 | D8: R01 | E8: 45054 | F8: 52 | G8: 3.8 | H8: 2023 | I8: Monday | J8: 10 to 30 mins | K8: 4 | L8: May | M8: 5
A9: Call_7783 | B9: C0009 | C9: 62 | D9: R01 | E9: 45076 | F9: 125 | G9: 3.5 | H9: 2023 | I9: Tuesday | J9: 1 to 2 hours | K9: 4 | L9: May | M9: 5
A10: Call_7798 | B10: C0009 | C10: 48 | D10: R01 | E10: 45082 | F10: 120 | G10: 4.1 | H10: 2023 | I10: Monday | J10: 30 to 60 mins | K10: 4 | L10: Jun | M10: 6
A11: Call_7899 | B11: C0009 | C11: 172 | D11: R01 | E11: 45127 | F11: 27 | G11: 4.2 | H11: 2024 | I11: Thursday | J11: More than 2 hours | K11: 4 | L11: Jul | M11: 7
A12: Call_8068 | B12: C0009 | C12: 118 | D12: R01 | E12: 45204 | F12: 56 | G12: 3.7 | H12: 2024 | I12: Thursday | J12: 1 to 2 hours | K12: 4 | L12: Oct | M12: 10
A13: Call_8143 | B13: C0009 | C13: 109 | D13: R01 | E13: 45225 | F13: 180 | G13: 3.8 | H13: 2024 | I13: Thursday | J13: 1 to 2 hours | K13: 4 | L13: Oct | M13: 10
A14: Call_8184 | B14: C0009 | C14: 91 | D14: R01 | E14: 45243 | F14: 108 | G14: 3.8 | H14: 2024 | I14: Monday | J14: 1 to 2 hours | K14: 4 | L14: Nov | M14: 11
A15: Call_8233 | B15: C0009 | C15: 63 | D15: R01 | E15: 45269 | F15: 82 | G15: 3.7 | H15: 2024 | I15: Saturday | J15: 1 to 2 hours | K15: 4 | L15: Dec | M15: 12
... A17: Call_8270 | B17: C0009 | C17: 114 | D17: R01 | E17: 45291 | F17: 40 | G17: 3.9 | H17: 2024 | I17: Sunday | J17: 1 to 2 hours | K17: 4 | L17: Dec | M17: 12

Sheet Pivots
A3: Call Count | B3: Total Amount | C3: Total Duration | D3: Avg.Rating | E3: 5 * Rating Calls
A4: 1000 | B4: 96623 | C4: 89850 | D4: 3.8854 | E4: 307
A10: Call Count | B10: Total Amount | C10: Total Duration | D10: Avg.Rating | E10: 5 * Rating Calls
A11: 189 | B11: 18415 | C11: 16834 | D11: 3.9227513 | E11: 60
A13: Copying this above pivot just for getting slicer connection
A15: Row Labels | B15: Call Count | C15: Call Count2
A16: Jan | B16: 16 | C16: 16
A17: Feb | B17: 14 | C17: 14
A18: Mar | B18: 26 | C18: 26
A19: Apr | B19: 29 | C19: 29
A20: May | B20: 17 | C20: 17
A21: Jun | B21: 15 | C21: 15
A22: Jul | B22: 15 | C22: 15
A23: Aug | B23: 7 | C23: 7
A24: Sep | B24: 11 | C24: 11
A25: Oct | B25: 24 | C25: 24
A26: Nov | B26: 9 | C26: 9
A27: Dec | B27: 6 | C27: 6
A28: Grand Total | B28: 189 | C28: 189
A31: Row Labels | B31: Call Count
A32: Sunday | B32: 36
A33: Monday | B33: 30
A34: Tuesday | B34: 13
A35: Wednesday | B35: 23
A36: Thursday | B36: 23
A37: Friday | B37: 24
A38: Saturday | B38: 40
A39: Grand Total | B39: 189
A44: Row Labels | B44: Call Count | C44: Total Amount | E44: For Graph | H44: Selected rep | I44: =A56 -> R01
A45: R01 | B45: 189 | C45: 18415 | E45: Rep | F45: Calls | G45: Amount | H45: Sel.Calls | I45: Sel.Amount
A46: R02 | B46: 218 | C46: 20581 | E46: {=A45:C49} -> R01 | F46: 189 | G46: 18415 | H46: =IF(E46=$I$44,F46,NA()) -> 189 | I46: =IF(E46=$I$44,G46,NA()) -> 18415
A47: R03 | B47: 207 | C47: 20872 | E47: R02 | F47: 218 | G47: 20581 | H47: =IF(E47=$I$44,F47,NA()) -> #N/A | I47: =IF(E47=$I$44,G47,NA()) -> #N/A
A48: R04 | B48: 186 | C48: 16651 | E48: R03 | F48: 207 | G48: 20872 | H48: =IF(E48=$I$44,F48,NA()) -> #N/A | I48: =IF(E48=$I$44,G48,NA()) -> #N/A
A49: R05 | B49: 200 | C49: 20104 | E49: R04 | F49: 186 | G49: 16651 | H49: =IF(E49=$I$44,F49,NA()) -> #N/A | I49: =IF(E49=$I$44,G49,NA()) -> #N/A
A50: Grand Total | B50: 1000 | C50: 96623 | E50: R05 | F50: 200 | G50: 20104 | H50: =IF(E50=$I$44,F50,NA()) -> #N/A | I50: =IF(E50=$I$44,G50,NA()) -> #N/A
H54: Rep summary
A55: Row Labels | H55: % Calls | I55: =A11/A4 -> 0.189
A56: R01 | H56: Calls | I56: =_xlfn.XLOOKUP(A56,E46:E50,F46:F50) -> 189
H57: Amount | I57: =_xlfn.XLOOKUP(A56,E46:E50,G46:G50) -> 18415
A58: Call Count | B58: Column Labels | H58: Call Rank | I58: =_xlfn.RANK.AVG(I56,F46:F50) -> 4
A59: Row Labels | B59: Female | C59: Male | D59: Grand Total | H59: Amount rnk | I59: =_xlfn.RANK.AVG(I57,G46:G50) -> 4
A60: Cincinnati | B60: 144 | C60: 132 | D60: 276
A61: Cleveland | B61: 326 | C61: 63 | D61: 389 | H61: Labels:
A62: Columbus | B62: 129 | C62: 206 | D62: 335 | I62: ="% of calls: "&TEXT(I55,"0%") -> % of calls: 19%
A63: Grand Total | B63: 599 | C63: 401 | D63: 1000 | I63: ="Call Rank: "&I58 -> Call Rank: 4
I64: ="Amount Rank: "&I59 -> Amount Rank: 4
H66: Image: | I66: =_xlfn.XLOOKUP(A56,Assets!$E$3:$E$7,Pivots!G68:G72) -> R01
A67: Row Labels | B67: Count of Call number
A68: 1 | B68: 1 | G68: R01
A69: 2 | B69: 9 | G69: R02
A70: 3 | B70: 31 | G70: R03
A71: 4 | B71: 88 | G71: R04
A72: 5 | B72: 60 | G72: R05
A73: Grand Total | B73: 189
A79: Total Amount | B79: Column Labels
A80: Row Labels | B80: R01 | C80: R02 | D80: R03 | E80: R04 | F80: R05 | G80: Grand Total
A81: Cincinnati
A82: C0003 | B82: 891 | C82: 1332 | D82: 1282 | E82: 739 | F82: 560 | G82: 4804
A83: C0004 | B83: 1991 | C83: 1886 | D83: 1206 | E83: 884 | F83: 1722 | G83: 7689
A84: C0011 | B84: 1163 | C84: 1180 | D84: 1616 | E84: 1043 | F84: 1747 | G84: 6749
A85: C0012 | B85: 1438 | C85: 1616 | D85: 866 | E85: 829 | F85: 2070 | G85: 6819
A86: Cleveland
A87: C0002 | B87: 1233 | C87: 223 | D87: 1680 | E87: 990 | F87: 1508 | G87: 5634
A88: C0007 | B88: 1598 | C88: 1907 | D88: 869 | E88: 1426 | F88: 1416 | G88: 7216 | H88: will be pasting as link so that it wont appear same as a pivot
A89: C0008 | B89: 900 | C89: 1016 | D89: 960 | E89: 940 | F89: 1193 | G89: 5009
A90: C0010 | B90: 900 | C90: 1470 | D90: 1617 | E90: 1314 | F90: 941 | G90: 6242
A91: C0013 | B91: 1255 | C91: 516 | D91: 1874 | E91: 1863 | F91: 1722 | G91: 7230
A92: C0015 | B92: 1138 | C92: 1898 | D92: 1482 | E92: 846 | F92: 1154 | G92: 6518
A93: Columbus
A94: C0001 | B94: 1655 | C94: 805 | D94: 2263 | E94: 987 | F94: 1075 | G94: 6785
A95: C0005 | B95: 1104 | C95: 2280 | D95: 1445 | E95: 1722 | F95: 1196 | G95: 7747
A96: C0006 | B96: 372 | C96: 1818 | D96: 1346 | E96: 1156 | F96: 1484 | G96: 6176
A97: C0009 | B97: 1415 | C97: 1271 | D97: 1214 | E97: 1135 | F97: 1566 | G97: 6601
A98: C0014 | B98: 1362 | C98: 1363 | D98: 1152 | E98: 777 | F98: 750 | G98: 5404

Sheet Data
B1: Call Centre Data
B3: Call number | C3: Customer ID | D3: Duration | E3: Representative | F3: Date of Call | G3: Purchase Amount | H3: Satisfaction Rating | I3: FY | J3: Day of week | K3: Duration Bucket | L3: Rating rounded | Q3: Customer ID | R3: Gedner | S3: Age | T3: City
B4: Call_7271 | C4: C0003 | D4: 116 | E4: R05 | F4: 44927 | G4: 128 | H4: 4.9 | I4: =IF(MONTH(calls[[#This Row],[Date of Call]])<=6, YEAR(calls[[#This Row],[Date of Call]]), YEAR(calls[[#This Row],[Date of Call]])+1) -> 2023 | J4: =TEXT(calls[[#This Row],[Date of Call]],"DDDD") -> Sunday | K4: {=_xlfn.IFS(calls[[#This Row],[Duration]]<=10,"Under 10 mins", calls[[#This Row],[Duration]]<=30, "10 to 30 mins", calls[[#This Row],[Duration]]<=60, "30 to 60 mins", calls[[#This Row],[Duration]]<=120, "1 to 2 hours", TRUE, "More than 2 hours")} -> 1 to 2 hours | L4: =ROUND(calls[[#This Row],[Satisfaction Rating]],0) -> 5 | Q4: C0001 | R4: Male | S4: 41 | T4: Columbus
B5: Call_7272 | C5: C0004 | D5: 119 | E5: R05 | F5: 44927 | G5: 135 | H5: 2.9 | I5: =IF(MONTH(calls[[#This Row],[Date of Call]])<=6, YEAR(calls[[#This Row],[Date of Call]]), YEAR(calls[[#This Row],[Date of Call]])+1) -> 2023 | J5: =TEXT(calls[[#This Row],[Date of Call]],"DDDD") -> Sunday | K5: {=_xlfn.IFS(calls[[#This Row],[Duration]]<=10,"Under 10 mins", calls[[#This Row],[Duration]]<=30, "10 to 30 mins", calls[[#This Row],[Duration]]<=60, "30 to 60 mins", calls[[#This Row],[Duration]]<=120, "1 to 2 hours", TRUE, "More than 2 hours")} -> 1 to 2 hours | L5: =ROUND(calls[[#This Row],[Satisfaction Rating]],0) -> 3 | Q5: C0002 | R5: Male | S5: 31 | T5: Cleveland
B6: Call_7273 | C6: C0005 | D6: 68 | E6: R02 | F6: 44927 | G6: 66 | H6: 4.7 | I6: =IF(MONTH(calls[[#This Row],[Date of Call]])<=6, YEAR(calls[[#This Row],[Date of Call]]), YEAR(calls[[#This Row],[Date of Call]])+1) -> 2023 | J6: =TEXT(calls[[#This Row],[Date of Call]],"DDDD") -> Sunday | K6: {=_xlfn.IFS(calls[[#This Row],[Duration]]<=10,"Under 10 mins", calls[[#This Row],[Duration]]<=30, "10 to 30 mins", calls[[#This Row],[Duration]]<=60, "30 to 60 mins", calls[[#This Row],[Duration]]<=120, "1 to 2 hours", TRUE, "More than 2 hours")} -> 1 to 2 hours | L6: =ROUND(calls[[#This Row],[Satisfaction Rating]],0) -> 5 | Q6: C0003 | R6: Male | S6: 26 | T6: Cincinnati
B7: Call_7274 | C7: C0014 | D7: 119 | E7: R02 | F7: 44927 | G7: 22 | H7: 2.9 | I7: =IF(MONTH(calls[[#This Row],[Date of Call]])<=6, YEAR(calls[[#This Row],[Date of Call]]), YEAR(calls[[#This Row],[Date of Call]])+1) -> 2023 | J7: =TEXT(calls[[#This Row],[Date of Call]],"DDDD") -> Sunday | K7: {=_xlfn.IFS(calls[[#This Row],[Duration]]<=10,"Under 10 mins", calls[[#This Row],[Duration]]<=30, "10 to 30 mins", calls[[#This Row],[Duration]]<=60, "30 to 60 mins", calls[[#This Row],[Duration]]<=120, "1 to 2 hours", TRUE, "More than 2 hours")} -> 1 to 2 hours | L7: =ROUND(calls[[#This Row],[Satisfaction Rating]],0) -> 3 | Q7: C0004 | R7: Male | S7: 36 | T7: Cincinnati
B8: Call_7275 | C8: C0011 | D8: 128 | E8: R01 | F8: 44928 | G8: 31 | H8: 2.8 | I8: =IF(MONTH(calls[[#This Row],[Date of Call]])<=6, YEAR(calls[[#This Row],[Date of Call]]), YEAR(calls[[#This Row],[Date of Call]])+1) -> 2023 | J8: =TEXT(calls[[#This Row],[Date of Call]],"DDDD") -> Monday | K8: {=_xlfn.IFS(calls[[#This Row],[Duration]]<=10,"Under 10 mins", calls[[#This Row],[Duration]]<=30, "10 to 30 mins", calls[[#This Row],[Duration]]<=60, "30 to 60 mins", calls[[#This Row],[Duration]]<=120, "1 to 2 hours", TRUE, "More than 2 hours")} -> More than 2 hours | L8: =ROUND(calls[[#This Row],[Satisfaction Rating]],0) -> 3 | Q8: C0005 | R8: Male | S8: 37 | T8: Columbus
B9: Call_7276 | C9: C0011 | D9: 49 | E9: R02 | F9: 44929 | G9: 135 | H9: 4.8 | I9: =IF(MONTH(calls[[#This Row],[Date of Call]])<=6, YEAR(calls[[#This Row],[Date of Call]]), YEAR(calls[[#This Row],[Date of Call]])+1) -> 2023 | J9: =TEXT(calls[[#This Row],[Date of Call]],"DDDD") -> Tuesday | K9: {=_xlfn.IFS(calls[[#This Row],[Duration]]<=10,"Under 10 mins", calls[[#This Row],[Duration]]<=30, "10 to 30 mins", calls[[#This Row],[Duration]]<=60, "30 to 60 mins", calls[[#This Row],[Duration]]<=120, "1 to 2 hours", TRUE, "More than 2 hours")} -> 30 to 60 mins | L9: =ROUND(calls[[#This Row],[Satisfaction Rating]],0) -> 5 | Q9: C0006 | R9: Male | S9: 23 | T9: Columbus
B10: Call_7277 | C10: C0007 | D10: 84 | E10: R05 | F10: 44929 | G10: 60 | H10: 4.7 | I10: =IF(MONTH(calls[[#This Row],[Date of Call]])<=6, YEAR(calls[[#This Row],[Date of Call]]), YEAR(calls[[#This Row],[Date of Call]])+1) -> 2023 | J10: =TEXT(calls[[#This Row],[Date of Call]],"DDDD") -> Tuesday | K10: {=_xlfn.IFS(calls[[#This Row],[Duration]]<=10,"Under 10 mins", calls[[#This Row],[Duration]]<=30, "10 to 30 mins", calls[[#This Row],[Duration]]<=60, "30 to 60 mins", calls[[#This Row],[Duration]]<=120, "1 to 2 hours", TRUE, "More than 2 hours")} -> 1 to 2 hours | L10: =ROUND(calls[[#This Row],[Satisfaction Rating]],0) -> 5 | Q10: C0007 | R10: Female | S10: 22 | T10: Cleveland
B11: Call_7278 | C11: C0003 | D11: 103 | E11: R04 | F11: 44929 | G11: 148 | H11: 4.4 | I11: =IF(MONTH(calls[[#This Row],[Date of Call]])<=6, YEAR(calls[[#This Row],[Date of Call]]), YEAR(calls[[#This Row],[Date of Call]])+1) -> 2023 | J11: =TEXT(calls[[#This Row],[Date of Call]],"DDDD") -> Tuesday | K11: {=_xlfn.IFS(calls[[#This Row],[Duration]]<=10,"Under 10 mins", calls[[#This Row],[Duration]]<=30, "10 to 30 mins", calls[[#This Row],[Duration]]<=60, "30 to 60 mins", calls[[#This Row],[Duration]]<=120, "1 to 2 hours", TRUE, "More than 2 hours")} -> 1 to 2 hours | L11: =ROUND(calls[[#This Row],[Satisfaction Rating]],0) -> 4 | Q11: C0008 | R11: Female | S11: 42 | T11: Cleveland
B12: Call_7279 | C12: C0005 | D12: 31 | E12: R02 | F12: 44929 | G12: 135 | H12: 3.6 | I12: =IF(MONTH(calls[[#This Row],[Date of Call]])<=6, YEAR(calls[[#This Row],[Date of Call]]), YEAR(calls[[#This Row],[Date of Call]])+1) -> 2023 | J12: =TEXT(calls[[#This Row],[Date of Call]],"DDDD") -> Tuesday | K12: {=_xlfn.IFS(calls[[#This Row],[Duration]]<=10,"Under 10 mins", calls[[#This Row],[Duration]]<=30, "10 to 30 mins", calls[[#This Row],[Duration]]<=60, "30 to 60 mins", calls[[#This Row],[Duration]]<=120, "1 to 2 hours", TRUE, "More than 2 hours")} -> 30 to 60 mins | L12: =ROUND(calls[[#This Row],[Satisfaction Rating]],0) -> 4 | Q12: C0009 | R12: Female | S12: 25 | T12: Columbus
B13: Call_7280 | C13: C0010 | D13: 44 | E13: R03 | F13: 44929 | G13: 105 | H13: 2.9 | I13: =IF(MONTH(calls[[#This Row],[Date of Call]])<=6, YEAR(calls[[#This Row],[Date of Call]]), YEAR(calls[[#This Row],[Date of Call]])+1) -> 2023 | J13: =TEXT(calls[[#This Row],[Date of Call]],"DDDD") -> Tuesday | K13: {=_xlfn.IFS(calls[[#This Row],[Duration]]<=10,"Under 10 mins", calls[[#This Row],[Duration]]<=30, "10 to 30 mins", calls[[#This Row],[Duration]]<=60, "30 to 60 mins", calls[[#This Row],[Duration]]<=120, "1 to 2 hours", TRUE, "More than 2 hours")} -> 30 to 60 mins | L13: =ROUND(calls[[#This Row],[Satisfaction Rating]],0) -> 3 | Q13: C0010 | R13: Female | S13: 30 | T13: Cleveland
B14: Call_7281 | C14: C0011 | D14: 102 | E14: R02 | F14: 44929 | G14: 69 | H14: 4.9 | I14: =IF(MONTH(calls[[#This Row],[Date of Call]])<=6, YEAR(calls[[#This Row],[Date of Call]]), YEAR(calls[[#This Row],[Date of Call]])+1) -> 2023 | J14: =TEXT(calls[[#This Row],[Date of Call]],"DDDD") -> Tuesday | K14: {=_xlfn.IFS(calls[[#This Row],[Duration]]<=10,"Under 10 mins", calls[[#This Row],[Duration]]<=30, "10 to 30 mins", calls[[#This Row],[Duration]]<=60, "30 to 60 mins", calls[[#This Row],[Duration]]<=120, "1 to 2 hours", TRUE, "More than 2 hours")} -> 1 to 2 hours | L14: =ROUND(calls[[#This Row],[Satisfaction Rating]],0) -> 5 | Q14: C0011 | R14: Female | S14: 30 | T14: Cincinnati
B15: Call_7282 | C15: C0013 | D15: 135 | E15: R05 | F15: 44929 | G15: 46 | H15: 3.4 | I15: =IF(MONTH(calls[[#This Row],[Date of Call]])<=6, YEAR(calls[[#This Row],[Date of Call]]), YEAR(calls[[#This Row],[Date of Call]])+1) -> 2023 | J15: =TEXT(calls[[#This Row],[Date of Call]],"DDDD") -> Tuesday | K15: {=_xlfn.IFS(calls[[#This Row],[Duration]]<=10,"Under 10 mins", calls[[#This Row],[Duration]]<=30, "10 to 30 mins", calls[[#This Row],[Duration]]<=60, "30 to 60 mins", calls[[#This Row],[Duration]]<=120, "1 to 2 hours", TRUE, "More than 2 hours")} -> More than 2 hours | L15: =ROUND(calls[[#This Row],[Satisfaction Rating]],0) -> 3 | Q15: C0012 | R15: Female | S15: 28 | T15: Cincinnati
... B18: Call_7285 | C18: C0013 | D18: 48 | E18: R01 | F18: 44930 | G18: 68 | H18: 4.9 | I18: =IF(MONTH(calls[[#This Row],[Date of Call]])<=6, YEAR(calls[[#This Row],[Date of Call]]), YEAR(calls[[#This Row],[Date of Call]])+1) -> 2023 | J18: =TEXT(calls[[#This Row],[Date of Call]],"DDDD") -> Wednesday | K18: {=_xlfn.IFS(calls[[#This Row],[Duration]]<=10,"Under 10 mins", calls[[#This Row],[Duration]]<=30, "10 to 30 mins", calls[[#This Row],[Duration]]<=60, "30 to 60 mins", calls[[#This Row],[Duration]]<=120, "1 to 2 hours", TRUE, "More than 2 hours")} -> 30 to 60 mins | L18: =ROUND(calls[[#This Row],[Satisfaction Rating]],0) -> 5 | Q18: C0015 | R18: Female | S18: 43 | T18: Cleveland
B19: Call_7286 | C19: C0010 | D19: 176 | E19: R05 | F19: 44931 | G19: 24 | H19: 4.8 | I19: =IF(MONTH(calls[[#This Row],[Date of Call]])<=6, YEAR(calls[[#This Row],[Date of Call]]), YEAR(calls[[#This Row],[Date of Call]])+1) -> 2023 | J19: =TEXT(calls[[#This Row],[Date of Call]],"DDDD") -> Thursday | K19: {=_xlfn.IFS(calls[[#This Row],[Duration]]<=10,"Under 10 mins", calls[[#This Row],[Duration]]<=30, "10 to 30 mins", calls[[#This Row],[Duration]]<=60, "30 to 60 mins", calls[[#This Row],[Duration]]<=120, "1 to 2 hours", TRUE, "More than 2 hours")} -> More than 2 hours | L19: =ROUND(calls[[#This Row],[Satisfaction Rating]],0) -> 5
B20: Call_7287 | C20: C0010 | D20: 99 | E20: R01 | F20: 44931 | G20: 195 | H20: 3.9 | I20: =IF(MONTH(calls[[#This Row],[Date of Call]])<=6, YEAR(calls[[#This Row],[Date of Call]]), YEAR(calls[[#This Row],[Date of Call]])+1) -> 2023 | J20: =TEXT(calls[[#This Row],[Date of Call]],"DDDD") -> Thursday | K20: {=_xlfn.IFS(calls[[#This Row],[Duration]]<=10,"Under 10 mins", calls[[#This Row],[Duration]]<=30, "10 to 30 mins", calls[[#This Row],[Duration]]<=60, "30 to 60 mins", calls[[#This Row],[Duration]]<=120, "1 to 2 hours", TRUE, "More than 2 hours")} -> 1 to 2 hours | L20: =ROUND(calls[[#This Row],[Satisfaction Rating]],0) -> 4
B21: Call_7288 | C21: C0009 | D21: 28 | E21: R03 | F21: 44931 | G21: 28 | H21: 3.8 | I21: =IF(MONTH(calls[[#This Row],[Date of Call]])<=6, YEAR(calls[[#This Row],[Date of Call]]), YEAR(calls[[#This Row],[Date of Call]])+1) -> 2023 | J21: =TEXT(calls[[#This Row],[Date of Call]],"DDDD") -> Thursday | K21: {=_xlfn.IFS(calls[[#This Row],[Duration]]<=10,"Under 10 mins", calls[[#This Row],[Duration]]<=30, "10 to 30 mins", calls[[#This Row],[Duration]]<=60, "30 to 60 mins", calls[[#This Row],[Duration]]<=120, "1 to 2 hours", TRUE, "More than 2 hours")} -> 10 to 30 mins | L21: =ROUND(calls[[#This Row],[Satisfaction Rating]],0) -> 4
B22: Call_7289 | C22: C0007 | D22: 54 | E22: R02 | F22: 44931 | G22: 170 | H22: 4.3 | I22: =IF(MONTH(calls[[#This Row],[Date of Call]])<=6, YEAR(calls[[#This Row],[Date of Call]]), YEAR(calls[[#This Row],[Date of Call]])+1) -> 2023 | J22: =TEXT(calls[[#This Row],[Date of Call]],"DDDD") -> Thursday | K22: {=_xlfn.IFS(calls[[#This Row],[Duration]]<=10,"Under 10 mins", calls[[#This Row],[Duration]]<=30, "10 to 30 mins", calls[[#This Row],[Duration]]<=60, "30 to 60 mins", calls[[#This Row],[Duration]]<=120, "1 to 2 hours", TRUE, "More than 2 hours")} -> 30 to 60 mins | L22: =ROUND(calls[[#This Row],[Satisfaction Rating]],0) -> 4
B23: Call_7290 | C23: C0006 | D23: 48 | E23: R05 | F23: 44932 | G23: 30 | H23: 4.4 | I23: =IF(MONTH(calls[[#This Row],[Date of Call]])<=6, YEAR(calls[[#This Row],[Date of Call]]), YEAR(calls[[#This Row],[Date of Call]])+1) -> 2023 | J23: =TEXT(calls[[#This Row],[Date of Call]],"DDDD") -> Friday | K23: {=_xlfn.IFS(calls[[#This Row],[Duration]]<=10,"Under 10 mins", calls[[#This Row],[Duration]]<=30, "10 to 30 mins", calls[[#This Row],[Duration]]<=60, "30 to 60 mins", calls[[#This Row],[Duration]]<=120, "1 to 2 hours", TRUE, "More than 2 hours")} -> 30 to 60 mins | L23: =ROUND(calls[[#This Row],[Satisfaction Rating]],0) -> 4
B24: Call_7291 | C24: C0004 | D24: 128 | E24: R05 | F24: 44932 | G24: 72 | H24: 5 | I24: =IF(MONTH(calls[[#This Row],[Date of Call]])<=6, YEAR(calls[[#This Row],[Date of Call]]), YEAR(calls[[#This Row],[Date of Call]])+1) -> 2023 | J24: =TEXT(calls[[#This Row],[Date of Call]],"DDDD") -> Friday | K24: {=_xlfn.IFS(calls[[#This Row],[Duration]]<=10,"Under 10 mins", calls[[#This Row],[Duration]]<=30, "10 to 30 mins", calls[[#This Row],[Duration]]<=60, "30 to 60 mins", calls[[#This Row],[Duration]]<=120, "1 to 2 hours", TRUE, "More than 2 hours")} -> More than 2 hours | L24: =ROUND(calls[[#This Row],[Satisfaction Rating]],0) -> 5
B25: Call_7292 | C25: C0004 | D25: 38 | E25: R04 | F25: 44933 | G25: 92 | H25: 4.9 | I25: =IF(MONTH(calls[[#This Row],[Date of Call]])<=6, YEAR(calls[[#This Row],[Date of Call]]), YEAR(calls[[#This Row],[Date of Call]])+1) -> 2023 | J25: =TEXT(calls[[#This Row],[Date of Call]],"DDDD") -> Saturday | K25: {=_xlfn.IFS(calls[[#This Row],[Duration]]<=10,"Under 10 mins", calls[[#This Row],[Duration]]<=30, "10 to 30 mins", calls[[#This Row],[Duration]]<=60, "30 to 60 mins", calls[[#This Row],[Duration]]<=120, "1 to 2 hours", TRUE, "More than 2 hours")} -> 30 to 60 mins | L25: =ROUND(calls[[#This Row],[Satisfaction Rating]],0) -> 5
B26: Call_7293 | C26: C0003 | D26: 67 | E26: R04 | F26: 44934 | G26: 165 | H26: 4.5 | I26: =IF(MONTH(calls[[#This Row],[Date of Call]])<=6, YEAR(calls[[#This Row],[Date of Call]]), YEAR(calls[[#This Row],[Date of Call]])+1) -> 2023 | J26: =TEXT(calls[[#This Row],[Date of Call]],"DDDD") -> Sunday | K26: {=_xlfn.IFS(calls[[#This Row],[Duration]]<=10,"Under 10 mins", calls[[#This Row],[Duration]]<=30, "10 to 30 mins", calls[[#This Row],[Duration]]<=60, "30 to 60 mins", calls[[#This Row],[Duration]]<=120, "1 to 2 hours", TRUE, "More than 2 hours")} -> 1 to 2 hours | L26: =ROUND(calls[[#This Row],[Satisfaction Rating]],0) -> 5
B27: Call_7294 | C27: C0015 | D27: 58 | E27: R02 | F27: 44934 | G27: 140 | H27: 2.1 | I27: =IF(MONTH(calls[[#This Row],[Date of Call]])<=6, YEAR(calls[[#This Row],[Date of Call]]), YEAR(calls[[#This Row],[Date of Call]])+1) -> 2023 | J27: =TEXT(calls[[#This Row],[Date of Call]],"DDDD") -> Sunday | K27: {=_xlfn.IFS(calls[[#This Row],[Duration]]<=10,"Under 10 mins", calls[[#This Row],[Duration]]<=30, "10 to 30 mins", calls[[#This Row],[Duration]]<=60, "30 to 60 mins", calls[[#This Row],[Duration]]<=120, "1 to 2 hours", TRUE, "More than 2 hours")} -> 30 to 60 mins | L27: =ROUND(calls[[#This Row],[Satisfaction Rating]],0) -> 2
B28: Call_7295 | C28: C0010 | D28: 54 | E28: R01 | F28: 44934 | G28: 111 | H28: 3.3 | I28: =IF(MONTH(calls[[#This Row],[Date of Call]])<=6, YEAR(calls[[#This Row],[Date of Call]]), YEAR(calls[[#This Row],[Date of Call]])+1) -> 2023 | J28: =TEXT(calls[[#This Row],[Date of Call]],"DDDD") -> Sunday | K28: {=_xlfn.IFS(calls[[#This Row],[Duration]]<=10,"Under 10 mins", calls[[#This Row],[Duration]]<=30, "10 to 30 mins", calls[[#This Row],[Duration]]<=60, "30 to 60 mins", calls[[#This Row],[Duration]]<=120, "1 to 2 hours", TRUE, "More than 2 hours")} -> 30 to 60 mins | L28: =ROUND(calls[[#This Row],[Satisfaction Rating]],0) -> 3
B29: Call_7296 | C29: C0012 | D29: 28 | E29: R05 | F29: 44935 | G29: 63 | H29: 4.1 | I29: =IF(MONTH(calls[[#This Row],[Date of Call]])<=6, YEAR(calls[[#This Row],[Date of Call]]), YEAR(calls[[#This Row],[Date of Call]])+1) -> 2023 | J29: =TEXT(calls[[#This Row],[Date of Call]],"DDDD") -> Monday | K29: {=_xlfn.IFS(calls[[#This Row],[Duration]]<=10,"Under 10 mins", calls[[#This Row],[Duration]]<=30, "10 to 30 mins", calls[[#This Row],[Duration]]<=60, "30 to 60 mins", calls[[#This Row],[Duration]]<=120, "1 to 2 hours", TRUE, "More than 2 hours")} -> 10 to 30 mins | L29: =ROUND(calls[[#This Row],[Satisfaction Rating]],0) -> 4
B30: Call_7297 | C30: C0002 | D30: 73 | E30: R05 | F30: 44935 | G30: 80 | H30: 4.2 | I30: =IF(MONTH(calls[[#This Row],[Date of Call]])<=6, YEAR(calls[[#This Row],[Date of Call]]), YEAR(calls[[#This Row],[Date of Call]])+1) -> 2023 | J30: =TEXT(calls[[#This Row],[Date of Call]],"DDDD") -> Monday | K30: {=_xlfn.IFS(calls[[#This Row],[Duration]]<=10,"Under 10 mins", calls[[#This Row],[Duration]]<=30, "10 to 30 mins", calls[[#This Row],[Duration]]<=60, "30 to 60 mins", calls[[#This Row],[Duration]]<=120, "1 to 2 hours", TRUE, "More than 2 hours")} -> 1 to 2 hours | L30: =ROUND(calls[[#This Row],[Satisfaction Rating]],0) -> 4
... B1003: Call_8270 | C1003: C0009 | D1003: 114 | E1003: R01 | F1003: 45291 | G1003: 40 | H1003: 3.9 | I1003: =IF(MONTH(calls[[#This Row],[Date of Call]])<=6, YEAR(calls[[#This Row],[Date of Call]]), YEAR(calls[[#This Row],[Date of Call]])+1) -> 2024 | J1003: =TEXT(calls[[#This Row],[Date of Call]],"DDDD") -> Sunday | K1003: {=_xlfn.IFS(calls[[#This Row],[Duration]]<=10,"Under 10 mins", calls[[#This Row],[Duration]]<=30, "10 to 30 mins", calls[[#This Row],[Duration]]<=60, "30 to 60 mins", calls[[#This Row],[Duration]]<=120, "1 to 2 hours", TRUE, "More than 2 hours")} -> 1 to 2 hours | L1003: =ROUND(calls[[#This Row],[Satisfaction Rating]],0) -> 4

Sheet Customer Centre Report
B2: Call Centre Report
Q17: {=Pivots!B80:F80} -> R01 | R17: R02 | S17: R03 | T17: R04 | U17: R05 | V17: TOTAL
P18: {=IF(Pivots!A81:G98="","",Pivots!A81:G98)} -> Cincinnati
P19: C0003 | Q19: 891 | R19: 1332 | S19: 1282 | T19: 739 | U19: 560 | V19: 4804
P20: C0004 | Q20: 1991 | R20: 1886 | S20: 1206 | T20: 884 | U20: 1722 | V20: 7689
P21: C0011 | Q21: 1163 | R21: 1180 | S21: 1616 | T21: 1043 | U21: 1747 | V21: 6749
P22: C0012 | Q22: 1438 | R22: 1616 | S22: 866 | T22: 829 | U22: 2070 | V22: 6819
P23: Cleveland
P24: C0002 | Q24: 1233 | R24: 223 | S24: 1680 | T24: 990 | U24: 1508 | V24: 5634
P25: C0007 | Q25: 1598 | R25: 1907 | S25: 869 | T25: 1426 | U25: 1416 | V25: 7216
P26: C0008 | Q26: 900 | R26: 1016 | S26: 960 | T26: 940 | U26: 1193 | V26: 5009
P27: C0010 | Q27: 900 | R27: 1470 | S27: 1617 | T27: 1314 | U27: 941 | V27: 6242
P28: C0013 | Q28: 1255 | R28: 516 | S28: 1874 | T28: 1863 | U28: 1722 | V28: 7230
P29: C0015 | Q29: 1138 | R29: 1898 | S29: 1482 | T29: 846 | U29: 1154 | V29: 6518
P30: Columbus
N31: =Image -> R01 | P31: C0001 | Q31: 1655 | R31: 805 | S31: 2263 | T31: 987 | U31: 1075 | V31: 6785
N32: =Pivots!I62 -> % of calls: 19% | P32: C0005 | Q32: 1104 | R32: 2280 | S32: 1445 | T32: 1722 | U32: 1196 | V32: 7747
N33: =Pivots!I63 -> Call Rank: 4 | P33: C0006 | Q33: 372 | R33: 1818 | S33: 1346 | T33: 1156 | U33: 1484 | V33: 6176
N34: =Pivots!I64 -> Amount Rank: 4 | P34: C0009 | Q34: 1415 | R34: 1271 | S34: 1214 | T34: 1135 | U34: 1566 | V34: 6601
P35: C0014 | Q35: 1362 | R35: 1363 | S35: 1152 | T35: 777 | U35: 750 | V35: 5404

Sheet Assets
E2: Rep ID | F2: Rep Image | G2: Image Name
E3: R01 | G3: R01pic
E4: R02 | G4: R02pic
E5: R03 | G5: R03pic
E6: R04
E7: R05
C20: =F3 -> 0
